sep=,
"Name","Color","Image name","Series","Deviation","Mean","Max","Min","Sum","TLG","No. Pixels/Voxels","Hard Area/Volume "
"Heart","","NM( %ID/g )","Reg2_DCA_adjustHU_2_4h_TT3Dnd5pMM Reg:Me,Res128,It48,S3,Q:Me+AC_Registered","0.3719","1.59","2.43","0.2458","0.9229","N/A","4769","0.5822"
"Box","","NM( %ID/g )","Reg2_DCA_adjustHU_2_4h_TT3Dnd5pMM Reg:Me,Res128,It48,S3,Q:Me+AC_Registered","0.5297","0.4338","2.43","0.01867","2.07","N/A","39066","4.77"
"Heart","","NM( %ID/g )","DCA_adjustHU_2_30m_TT3Dnd5pMM Reg:Me,Res128,It48,S3,Q:Me+AC","0.3481","1.85","3.02","1.3","1.1","N/A","4532","0.5935"
"Box","","NM( %ID/g )","DCA_adjustHU_2_30m_TT3Dnd5pMM Reg:Me,Res128,It48,S3,Q:Me+AC","0.5796","0.5231","3.02","0.06056","2.5","N/A","36518","4.78"
"Heart","","CT( HU )","BR_CTRecon,30m CT Scan,FBP,V250,Sl250,F:Cos,C100,M30,S0","90.56","148.04","525","-263","5.52801e+06","N/A","37342","0.5865"
"Box","","CT( HU )","BR_CTRecon,30m CT Scan,FBP,V250,Sl250,F:Cos,C100,M30,S0","259.43","87.83","3593","-1000","2.67092e+07","N/A","304101","4.78"
"Heart","","CT( HU )","Reg_BR_CTRecon,4h CT Scan,FBP,V250,Sl250,F:Cos,C100,M30,S0_Registered","82.63","123.14","406","-358","4.49419e+06","N/A","36498","0.5984"
"Box","","CT( HU )","Reg_BR_CTRecon,4h CT Scan,FBP,V250,Sl250,F:Cos,C100,M30,S0_Registered","234.89","52.17","2932","-895","1.52442e+07","N/A","292175","4.79"
