sep=,
"Name","Color","Image name","Series","Deviation","Mean","Max","Min","Sum","TLG","No. Pixels/Voxels","Hard Area/Volume "
"Heart","","NM( %ID/g )","DCA_adjustHU_2_4h_TT3Dnd5pMM Reg:Me,Res128,It48,S3,Q:Me+AC_Registered","0.3855","1.31","2.63","0.4464","0.6804","N/A","3696","0.5177"
"Box","","NM( %ID/g )","DCA_adjustHU_2_4h_TT3Dnd5pMM Reg:Me,Res128,It48,S3,Q:Me+AC_Registered","0.427","0.3742","2.63","0.02175","1.77","N/A","33750","4.73"
"Box","","NM( %ID/g )","DCA_adjustHU_2_30m_TT3Dnd5pMM Reg:Me,Res128,It48,S3,Q:Me+AC","0.4343","0.4317","2.79","0.04851","2.1","N/A","37076","4.86"
"Heart","","NM( %ID/g )","DCA_adjustHU_2_30m_TT3Dnd5pMM Reg:Me,Res128,It48,S3,Q:Me+AC","0.3025","1.5","2.79","1.1","0.7626","N/A","3885","0.5087"
"Heart","","CT( HU )","BR_CTRecon,4h CT Scan,FBP,V250,Sl250,F:Cos,C100,M30,S0_Registered","72.61","159.88","427.6","-193.73","4.72818e+06","N/A","29574","0.4969"
"Box","","CT( HU )","BR_CTRecon,4h CT Scan,FBP,V250,Sl250,F:Cos,C100,M30,S0_Registered","300.26","114.12","3204.04","-944.37","3.16753e+07","N/A","277560","4.66"
"Box","","CT( HU )","BR_CTRecon,30m CT Scan,FBP,V250,Sl250,F:Cos,C100,M30,S0","308.65","111.02","3321","-976","3.43569e+07","N/A","309456","4.86"
"Heart","","CT( HU )","BR_CTRecon,30m CT Scan,FBP,V250,Sl250,F:Cos,C100,M30,S0","100.55","162.41","828","-458","5.17493e+06","N/A","31864","0.5005"
