sep=,
"Name","Color","Image name","Series","Deviation","Mean","Max","Min","Sum","TLG","No. Pixels/Voxels","Hard Area/Volume "
"Heart","","NM( %ID/g )","DCA_adjustHU_2_4h_TT3Dnd5pMM Reg:Me,Res128,It48,S3,Q:Me+AC_Registered","0.3552","1.56","2.85","0.6679","0.883","N/A","4156","0.5653"
"Box","","NM( %ID/g )","DCA_adjustHU_2_4h_TT3Dnd5pMM Reg:Me,Res128,It48,S3,Q:Me+AC_Registered","0.5185","0.4107","2.85","0.01386","1.91","N/A","34193","4.65"
"Heart","","CT( HU )","BR_CTRecon,30m CT Scan,FBP,V250,Sl250,F:Cos,C100,M30,S0","107.42","117.75","491","-459","4.01137e+06","N/A","34068","0.5351"
"Box","","CT( HU )","BR_CTRecon,30m CT Scan,FBP,V250,Sl250,F:Cos,C100,M30,S0","246.64","68.08","3361","-993","1.9838e+07","N/A","291400","4.58"
"Heart","","NM( %ID/g )","DCA_adjustHU_2_30m_TT3Dnd5pMM Reg:Me,Res128,It48,S3,Q:Me+AC","0.3304","1.86","3.19","1.35","1.01","N/A","4159","0.5446"
"Box","","NM( %ID/g )","DCA_adjustHU_2_30m_TT3Dnd5pMM Reg:Me,Res128,It48,S3,Q:Me+AC","0.5769","0.5003","3.19","0.04129","2.35","N/A","35836","4.69"
"Heart","","CT( HU )","BR_CTRecon,4h CT Scan,FBP,V250,Sl250,F:Cos,C100,M30,S0_Registered","89.23","109","392.88","-357.96","3.6294e+06","N/A","33298","0.5433"
"Box","","CT( HU )","BR_CTRecon,4h CT Scan,FBP,V250,Sl250,F:Cos,C100,M30,S0_Registered","236.54","75.22","3324.81","-788.84","2.15187e+07","N/A","286083","4.67"
