sep=,
"Name","Color","Image name","Series","Deviation","Mean","Max","Min","Sum","TLG","No. Pixels/Voxels","Hard Area/Volume "
"Box","","NM( %ID/g )","DCA_adjustHU_2_4h_TT3Dnd5pMM Reg:Me,Res128,It48,S3,Q:Me+AC_Registered","0.5467","0.4643","2.65","0.01871","2.24","N/A","36828","4.82"
"Heart","","NM( %ID/g )","DCA_adjustHU_2_4h_TT3Dnd5pMM Reg:Me,Res128,It48,S3,Q:Me+AC_Registered","0.3545","1.63","2.65","0.6757","1.04","N/A","4894","0.6409"
"Heart","","CT( HU )","BR_CTRecon,30m CT Scan,FBP,V250,Sl250,F:Cos,C100,M30,S0","91.65","115.66","564","-280","4.6864e+06","N/A","40518","0.6364"
"Box","","CT( HU )","BR_CTRecon,30m CT Scan,FBP,V250,Sl250,F:Cos,C100,M30,S0","236.83","71.01","3883","-924","2.13536e+07","N/A","300700","4.72"
"Heart","","NM( %ID/g )","DCA_adjustHU_2_30m_TT3Dnd5pMM Reg:Me,Res128,It48,S3,Q:Me+AC","0.3157","1.75","2.78","1.26","1.13","N/A","4918","0.644"
"Box","","NM( %ID/g )","DCA_adjustHU_2_30m_TT3Dnd5pMM Reg:Me,Res128,It48,S3,Q:Me+AC","0.5605","0.5168","2.78","0.03269","2.54","N/A","37572","4.92"
"Box","","CT( HU )","BR_CTRecon,4h CT Scan,FBP,V250,Sl250,F:Cos,C100,M30,S0_Registered","211.26","20.58","3221.99","-870.55","6.29582e+06","N/A","305928","4.81"
"Heart","","CT( HU )","BR_CTRecon,4h CT Scan,FBP,V250,Sl250,F:Cos,C100,M30,S0_Registered","136.39","37.37","328.38","-499.55","1.51091e+06","N/A","40432","0.6351"
