sep=,
"Name","Color","Image name","Series","Deviation","Mean","Max","Min","Sum","TLG","No. Pixels/Voxels","Hard Area/Volume "
"Heart","","CT( HU )","BR_CTRecon,30m CT Scan,FBP,V250,Sl250,F:Cos,C100,M30,S0","85.2","108.9","422","-282","3.64592e+06","N/A","33480","0.5259"
"Box","","CT( HU )","BR_CTRecon,30m CT Scan,FBP,V250,Sl250,F:Cos,C100,M30,S0","268.53","96.12","3840","-875","3.40022e+07","N/A","353760","5.56"
"Box","","CT( HU )","BR_CTRecon,4h CT Scan,FBP,V250,Sl250,F:Cos,C100,M30,S0_Registered","225.69","60.74","3193.79","-618.62","2.19686e+07","N/A","361666","5.68"
"Heart","","CT( HU )","BR_CTRecon,4h CT Scan,FBP,V250,Sl250,F:Cos,C100,M30,S0_Registered","106.73","68.61","380.32","-444.87","2.3086e+06","N/A","33650","0.5286"
"Heart","","NM( %ID/g )","DCA_adjustHU_2_30m_TT3Dnd5pMM Reg:Me,Res128,It48,S3,Q:Me+AC","0.2632","1.63","2.62","1.25","0.8695","N/A","4077","0.5339"
"Box","","NM( %ID/g )","DCA_adjustHU_2_30m_TT3Dnd5pMM Reg:Me,Res128,It48,S3,Q:Me+AC","0.4798","0.4005","2.62","0.02965","2.29","N/A","43626","5.71"
"Box","","NM( %ID/g )","DCA_adjustHU_2_4h_TT3Dnd5pMM Reg:Me,Res128,It48,S3,Q:Me+AC_Registered","0.3816","0.3007","2.03","0.008437","1.71","N/A","43494","5.7"
"Heart","","NM( %ID/g )","DCA_adjustHU_2_4h_TT3Dnd5pMM Reg:Me,Res128,It48,S3,Q:Me+AC_Registered","0.254","1.21","2.03","0.4433","0.6473","N/A","4077","0.5339"
