sep=,
"Name","Color","Image name","Series","Deviation","Mean","Max","Min","Sum","TLG","No. Pixels/Voxels","Hard Area/Volume "
"Heart","","CT( HU )","BR_CTRecon,4h CT Scan,FBP,V250,Sl250,F:Cos,C100,M30,S0_Registered","159.99","132.27","2875.24","-260.25","6.03405e+06","N/A","45620","0.7494"
"Box","","CT( HU )","BR_CTRecon,4h CT Scan,FBP,V250,Sl250,F:Cos,C100,M30,S0_Registered","323.85","125.46","3885.04","-989.01","4.17593e+07","N/A","332860","5.47"
"Heart","","CT( HU )","BR_CTRecon,30m CT Scan,FBP,V250,Sl250,F:Cos,C100,M30,S0","191.01","117.06","3337","-610","5.36172e+06","N/A","45804","0.7195"
"Box","","CT( HU )","BR_CTRecon,30m CT Scan,FBP,V250,Sl250,F:Cos,C100,M30,S0","323.76","120.36","3869","-819","4.11814e+07","N/A","342144","5.37"
"Heart","","NM( %ID/g )","DCA_adjustHU_2_30m_TT3Dnd5pMM Reg:Me,Res128,It48,S3,Q:Me+AC","0.2511","1.25","2.08","0.89","0.9224","N/A","5638","0.7383"
"Box","","NM( %ID/g )","DCA_adjustHU_2_30m_TT3Dnd5pMM Reg:Me,Res128,It48,S3,Q:Me+AC","0.4073","0.3727","2.08","0.02571","2.05","N/A","42108","5.51"
"Heart","","NM( %ID/g )","DCA_adjustHU_2_4h_TT3Dnd5pMM Reg:Me,Res128,It48,S3,Q:Me+AC_Registered","0.2504","0.9948","1.74","0.3674","0.7465","N/A","5539","0.7504"
"Box","","NM( %ID/g )","DCA_adjustHU_2_4h_TT3Dnd5pMM Reg:Me,Res128,It48,S3,Q:Me+AC_Registered","0.3466","0.3143","1.74","0.008777","1.72","N/A","40392","5.47"
