sep=,
"Name","Color","Image name","Series","Deviation","Mean","Max","Min","Sum","TLG","No. Pixels/Voxels","Hard Area/Volume "
"Heart","","CT( HU )","Reg_BR_CTRecon,4h CT Scan,FBP,V250,Sl250,F:Cos,C100,M30,S0_Registered","117.57","171.97","457","-442","5.55243e+06","N/A","32288","0.5269"
"Box","","CT( HU )","Reg_BR_CTRecon,4h CT Scan,FBP,V250,Sl250,F:Cos,C100,M30,S0_Registered","237.27","100.67","3088","-881","2.31477e+07","N/A","229938","3.75"
"Heart","","CT( HU )","BR_CTRecon,30m CT Scan,FBP,V250,Sl250,F:Cos,C100,M30,S0","121.87","180.89","548","-453","5.98679e+06","N/A","33097","0.5199"
"Box","","CT( HU )","BR_CTRecon,30m CT Scan,FBP,V250,Sl250,F:Cos,C100,M30,S0","254.45","106.98","3434","-973","2.6073e+07","N/A","243729","3.83"
"Heart","","NM( %ID/g )","DCA_adjustHU_2_30m_TT3Dnd5pMM Reg:Me,Res128,It48,S3,Q:Me+AC","0.3537","1.84","3.03","1.3","0.9554","N/A","3962","0.5188"
"Box","","NM( %ID/g )","DCA_adjustHU_2_30m_TT3Dnd5pMM Reg:Me,Res128,It48,S3,Q:Me+AC","0.5698","0.5961","3.03","0.0531","2.32","N/A","29696","3.89"
"Heart","","NM( %ID/g )","Reg_DCA_adjustHU_2_4h_TT3Dnd5pMM Reg:Me,Res128,It48,S3,Q:Me+AC_Registered","0.4085","1.75","3","0.4737","0.9056","N/A","3811","0.5185"
"Box","","NM( %ID/g )","Reg_DCA_adjustHU_2_4h_TT3Dnd5pMM Reg:Me,Res128,It48,S3,Q:Me+AC_Registered","0.5818","0.5238","3","0.02246","2.04","N/A","28616","3.89"
