sep=,
"Name","Color","Image name","Series","Deviation","Mean","Max","Min","Sum","TLG","No. Pixels/Voxels","Hard Area/Volume "
"Heart","","CT( HU )","BR_CTRecon,30m CT Scan,FBP,V250,Sl250,F:Cos,C100,M30,S0","96.56","202.15","523","-306","8.10753e+06","N/A","40106","0.63"
"Box","","CT( HU )","BR_CTRecon,30m CT Scan,FBP,V250,Sl250,F:Cos,C100,M30,S0","309.15","180.91","3683","-1000","5.70564e+07","N/A","315378","4.95"
"Heart","","NM( %ID/g )","DCA_adjustHU_2_30m_TT3Dnd5pMM Reg:Me,Res128,It48,S3,Q:Me+AC","0.4768","1.99","3.57","1.3","1.25","N/A","4795","0.6279"
"Box","","NM( %ID/g )","DCA_adjustHU_2_30m_TT3Dnd5pMM Reg:Me,Res128,It48,S3,Q:Me+AC","0.6227","0.5828","3.57","0.0595","2.88","N/A","37758","4.94"
"Heart","","CT( HU )","Reg_BR_CTRecon,4h CT Scan,FBP,V250,Sl250,F:Cos,C100,M30,S0_Registered","74.23","209.67","1691","-212","8.02587e+06","N/A","38278","0.6378"
"Box","","CT( HU )","Reg_BR_CTRecon,4h CT Scan,FBP,V250,Sl250,F:Cos,C100,M30,S0_Registered","293.47","184.48","3121","-1000","5.48595e+07","N/A","297375","4.95"
"Heart","","NM( %ID/g )","Reg_DCA_adjustHU_2_4h_TT3Dnd5pMM Reg:Me,Res128,It48,S3,Q:Me+AC_Registered","0.5365","1.81","3.21","0.3901","1.17","N/A","4644","0.6451"
"Box","","NM( %ID/g )","Reg_DCA_adjustHU_2_4h_TT3Dnd5pMM Reg:Me,Res128,It48,S3,Q:Me+AC_Registered","0.6117","0.491","3.21","0.02557","2.43","N/A","35700","4.96"
