sep=,
"Name","Color","Image name","Series","Deviation","Mean","Max","Min","Sum","TLG","No. Pixels/Voxels","Hard Area/Volume "
"Box","","CT( HU )","BR_CTRecon,30m CT Scan,FBP,V250,Sl250,F:Cos,C100,M30,S0","309.19","117.59","4204","-996","5.67366e+07","N/A","482475","7.58"
"Heart","","CT( HU )","BR_CTRecon,30m CT Scan,FBP,V250,Sl250,F:Cos,C100,M30,S0","185.36","108.51","3330","-411","4.91844e+06","N/A","45327","0.712"
"Box","","CT( HU )","BR_CTRecon,4h CT Scan,FBP,V250,Sl250,F:Cos,C100,M30,S0_Registered","287.45","52.64","3555.27","-1000","2.46581e+07","N/A","468468","7.51"
"Heart","","CT( HU )","BR_CTRecon,4h CT Scan,FBP,V250,Sl250,F:Cos,C100,M30,S0_Registered","107.79","66.4","982.61","-494.66","2.94539e+06","N/A","44360","0.711"
"Box","","NM( %ID/g )","DCA_adjustHU_2_30m_TT3Dnd5pMM Reg:Me,Res128,It48,S3,Q:Me+AC","0.4965","0.3973","5.19","0.02098","2.99","N/A","57572","7.54"
"Heart","","NM( %ID/g )","DCA_adjustHU_2_30m_TT3Dnd5pMM Reg:Me,Res128,It48,S3,Q:Me+AC","0.2946","1.52","2.63","1.09","1.09","N/A","5505","0.7209"
"Box","","NM( %ID/g )","DCA_adjustHU_2_4h_TT3Dnd5pMM Reg:Me,Res128,It48,S3,Q:Me+AC_Registered","0.4297","0.3122","2.45","0.005862","2.34","N/A","56088","7.49"
"Heart","","NM( %ID/g )","DCA_adjustHU_2_4h_TT3Dnd5pMM Reg:Me,Res128,It48,S3,Q:Me+AC_Registered","0.3133","1.37","2.45","0.4126","0.9994","N/A","5467","0.7305"
